{"EQT": {"fcf": 2837527000.0, "ebitda": 6016627000.0, "revenue": 8353217000.0, "fwd_rev": 9779635630.0, "total_debt": 7858452000.0, "cash": 110795000.0, "gross_margin": 78.63, "fwd_eps": 4.63141, "revision_direction": "UP", "revision_magnitude": 0.1081, "revision_num_analysts": null, "short_float": 4.68, "_ts": 1773973531.5342238}, "KLAC": {"fcf": 3741694000.0, "ebitda": 5340702000.0, "revenue": 12156162000.0, "fwd_rev": 16303784290.0, "total_debt": 6088282000.0, "cash": 2078908000.0, "gross_margin": 61.57, "fwd_eps": 47.69336, "revision_direction": "FLAT", "revision_magnitude": 0.0038, "revision_num_analysts": null, "short_float": 2.51, "_ts": 1773973531.56963}, "CF": {"fcf": 1801000000.0, "ebitda": 3282000000.0, "revenue": 7084000000.0, "fwd_rev": 6454171190.0, "total_debt": 3636000000.0, "cash": 1982000000.0, "gross_margin": 38.45, "fwd_eps": 7.5848, "revision_direction": "UP", "revision_magnitude": 0.2957, "revision_num_analysts": null, "short_float": 8.44, "_ts": 1773973531.606528}, "FSLR": {"fcf": 1187230000.0, "ebitda": 2154260000.0, "revenue": 5219376000.0, "fwd_rev": 6177829890.0, "total_debt": 655335000.0, "cash": 2803514000.0, "gross_margin": 40.62, "fwd_eps": 25.20317, "revision_direction": "DOWN", "revision_magnitude": -0.1815, "revision_num_analysts": null, "short_float": 9.33, "_ts": 1773973531.6205142}, "MU": {"fcf": 1668000000.0, "ebitda": 18483000000.0, "revenue": 37378000000.0, "fwd_rev": 112255817280.0, "total_debt": 15278000000.0, "cash": 9642000000.0, "gross_margin": 45.31, "fwd_eps": 95.53068, "revision_direction": "UP", "revision_magnitude": 0.0852, "revision_num_analysts": null, "short_float": 2.62, "_ts": 1773973531.655036}, "APH": {"fcf": 4378100000.0, "ebitda": 6890900000.0, "revenue": 23094700000.0, "fwd_rev": 35113113950.0, "total_debt": 15502000000.0, "cash": 11130600000.0, "gross_margin": 37.22, "fwd_eps": 5.14591, "revision_direction": "FLAT", "revision_magnitude": -0.0005, "revision_num_analysts": null, "short_float": 1.46, "_ts": 1773973531.674922}, "NVDA": {"fcf": 96676000000.0, "ebitda": 144552000000.0, "revenue": 215938000000.0, "fwd_rev": 475890478920.0, "total_debt": 11040000000.0, "cash": 10605000000.0, "gross_margin": 71.07, "fwd_eps": 11.11635, "revision_direction": "UP", "revision_magnitude": 0.0708, "revision_num_analysts": null, "short_float": 1.07, "_ts": 1773973531.676215}, "CTRA": {"fcf": 1634000000.0, "ebitda": 4853000000.0, "revenue": 7645000000.0, "fwd_rev": 8314056350.0, "total_debt": 4017000000.0, "cash": 114000000.0, "gross_margin": 74.12, "fwd_eps": 2.72537, "revision_direction": "UP", "revision_magnitude": 0.158, "revision_num_analysts": null, "short_float": 2.93, "_ts": 1773973531.685879}, "INCY": {"fcf": 1329631000.0, "ebitda": 1760165000.0, "revenue": 5141242000.0, "fwd_rev": 6189763520.0, "total_debt": 40412000.0, "cash": 3097817000.0, "gross_margin": 52.88, "fwd_eps": 8.64854, "revision_direction": "FLAT", "revision_magnitude": 0.0011, "revision_num_analysts": null, "short_float": 7.76, "_ts": 1773973531.6944158}, "LRCX": {"fcf": 5414078000.0, "ebitda": 6522609000.0, "revenue": 18435591000.0, "fwd_rev": 27521754210.0, "total_debt": 4484505000.0, "cash": 6390659000.0, "gross_margin": 49.8, "fwd_eps": 6.90346, "revision_direction": "FLAT", "revision_magnitude": 0.004, "revision_num_analysts": null, "short_float": 2.34, "_ts": 1773973531.704223}, "ANET": {"fcf": 4252400000.0, "ebitda": 3928700000.0, "revenue": 9005700000.0, "fwd_rev": 13819295710.0, "total_debt": 43964000.0, "cash": 1963900000.0, "gross_margin": 64.06, "fwd_eps": 4.26317, "revision_direction": "FLAT", "revision_magnitude": 0.0034, "revision_num_analysts": null, "short_float": 1.45, "_ts": 1773973531.71242}, "GOOG": {"fcf": 73266000000.0, "ebitda": 180698000000.0, "revenue": 402836000000.0, "fwd_rev": 541817883219.0, "total_debt": 59291000000.0, "cash": 30708000000.0, "gross_margin": 59.65, "fwd_eps": 13.42157, "revision_direction": "FLAT", "revision_magnitude": 0.003, "revision_num_analysts": null, "short_float": null, "_ts": 1773973531.721665}, "AMAT": {"fcf": 5698000000.0, "ebitda": 9975000000.0, "revenue": 28368000000.0, "fwd_rev": 37316102690.0, "total_debt": 7050000000.0, "cash": 7241000000.0, "gross_margin": 48.72, "fwd_eps": 13.84209, "revision_direction": "UP", "revision_magnitude": 0.1437, "revision_num_analysts": null, "short_float": 1.7, "_ts": 1773973531.733151}, "INTU": {"fcf": 6083000000.0, "ebitda": 5890000000.0, "revenue": 18831000000.0, "fwd_rev": 23872873760.0, "total_debt": 6639000000.0, "cash": 2884000000.0, "gross_margin": 80.9, "fwd_eps": 26.47572, "revision_direction": "FLAT", "revision_magnitude": 0.0006, "revision_num_analysts": null, "short_float": 2.77, "_ts": 1773973531.751922}, "KEYS": {"fcf": 1281000000.0, "ebitda": 1454000000.0, "revenue": 5375000000.0, "fwd_rev": 7140961300.0, "total_debt": 2778000000.0, "cash": 1873000000.0, "gross_margin": 61.86, "fwd_eps": 10.23658, "revision_direction": "UP", "revision_magnitude": 0.0943, "revision_num_analysts": null, "short_float": 1.54, "_ts": 1773973531.758708}, "TER": {"fcf": 450406000.0, "ebitda": 788087000.0, "revenue": 3190024000.0, "fwd_rev": 5014891210.0, "total_debt": 283239000.0, "cash": 293751000.0, "gross_margin": 58.22, "fwd_eps": 8.22341, "revision_direction": "FLAT", "revision_magnitude": -0.0042, "revision_num_analysts": null, "short_float": 3.34, "_ts": 1773973531.7696981}, "NEM": {"fcf": 7299000000.0, "ebitda": 14092000000.0, "revenue": 22669000000.0, "fwd_rev": 29179893410.0, "total_debt": 5589000000.0, "cash": 7647000000.0, "gross_margin": 63.24, "fwd_eps": 11.31706, "revision_direction": "UP", "revision_magnitude": 0.0497, "revision_num_analysts": null, "short_float": 2.71, "_ts": 1773973531.781209}, "WDC": {"fcf": 1279000000.0, "ebitda": 1938000000.0, "revenue": 9520000000.0, "fwd_rev": 15658742260.0, "total_debt": 4711000000.0, "cash": 2114000000.0, "gross_margin": 42.72, "fwd_eps": 13.44841, "revision_direction": "UP", "revision_magnitude": 0.1359, "revision_num_analysts": null, "short_float": 9.96, "_ts": 1773973531.7893791}, "STX": {"fcf": 818000000.0, "ebitda": 2085000000.0, "revenue": 9097000000.0, "fwd_rev": 14284152180.0, "total_debt": 4995000000.0, "cash": 891000000.0, "gross_margin": 38.78, "fwd_eps": 19.83637, "revision_direction": "UP", "revision_magnitude": 0.1209, "revision_num_analysts": null, "short_float": 5.04, "_ts": 1773973531.840116}, "TPR": {"fcf": 1093900000.0, "ebitda": 526400000.0, "revenue": 7010700000.0, "fwd_rev": 8231234969.0, "total_debt": 3899200000.0, "cash": 1100000000.0, "gross_margin": 75.98, "fwd_eps": 7.18828, "revision_direction": "UP", "revision_magnitude": 0.1465, "revision_num_analysts": null, "short_float": 6.55, "_ts": 1773973532.151396}}